timestamp,query,answer,hop_count,final_context_length,confidence_score,reasoning_trace,search_queries,user_rating,user_comment,processing_time_s,hops_taken,queries_used,vector_db_type,embedding_cache_hits,llm_cache_hits
2025-11-04T11:17:52.910408,"""How does the structural defect density in carbon nanotubes affect their mechanical properties and functionalization potential?","The structural defect density in carbon nanotubes (CNTs) significantly affects their properties. CNTs are hollow cylinders of carbon atoms arranged in a hexagonal lattice, making them attractive for advanced technologies (Source: Doc: 's41467-024-47999-7 (1).pdf', Page: 1, ChunkID: 's41467-024-47999-7 (1)_elem13_chunk0').

**Impact on Mechanical Properties:**

*   Defects in the tube wall, typically in the form of pentagons or heptagons, can change the chirality of the CNT (Source: Doc: 's41467-024-47999-7 (1).pdf', Page: 1, ChunkID: 's41467-024-47999-7 (1)_elem16_chunk0').
*   CNTs possess exceptional strength and stiffness due to sp2-hybridized carbon bonds (Source: Doc: 'Carbon Nanotube Assembly and Integration for Applications.pdf', Page: 2, ChunkID: 'Carbon Nanotube Assembly and Integration for Applications_elem13_chunk0').
*   The mechanical properties of carbon nanotube composites can be improved through nanotube functionalization (Source: Doc: 'Carbon Nanotube Assembly and Integration for Applications.pdf', Page: 47, ChunkID: 'Carbon Nanotube Assembly and Integration for Applications_elem665_chunk0').

**Defect Formation and Healing:**

*   Structural defects form during growth at the tube-catalyst interface and alter CNT properties (Source: Doc: 's41467-024-47999-7 (1).pdf', Page: 1, ChunkID: 's41467-024-47999-7 (1)_elem12_chunk0').
*   Defects form stochastically at the tube-catalyst interface (Source: Doc: 's41467-024-47999-7 (1).pdf', Page: 1, ChunkID: 's41467-024-47999-7 (1)_elem12_chunk0').
*   Under low growth rates and high temperatures, defects can heal before being incorporated into the tube wall, allowing for the growth of defect-free CNTs (Source: Doc: 's41467-024-47999-7 (1).pdf', Page: 1, ChunkID: 's41467-024-47999-7 (1)_elem12_chunk0').
*   The ratio of G-band to D-band Raman intensities (IG/ID) can be used to determine the quality of CNTs grown under different experimental conditions (Source: Doc: 's41467-024-47999-7 (1).pdf', Page: 5, ChunkID: 's41467-024-47999-7 (1)_elem193_chunk0').

**Missing Information:**

*   The specific ways in which different types and densities of defects affect the functionalization potential of CNTs are not detailed in the provided context.
*   A deeper explanation of how functionalization methods specifically improve mechanical properties is not provided.
*   More details on the relationship between defect density and specific applications of CNTs would be beneficial.",1,11555,,"START -> --- Hop 1 --- -> Hop 1: Routing -> Strategy='vector_search', Query='impact of structural defect density on carbon nanotube mechanical properties and functionalization...' -> Hop 1: Reasoning result -> Action='ANSWER_COMPLETE', Value='...' -> --- Final Answer Generation ---","""how does the structural defect density in carbon nanotubes affect their mechanical properties and functionalization potential?",,,14.83,1,"['""how does the structural defect density in carbon nanotubes affect their mechanical properties and functionalization potential?']",PandasVectorStore,0,0
2025-11-04T11:18:22.880241,What are the thermodynamic and kinetic considerations when synthesizing carbon nanotubes using fluidized bed chemical vapor deposition (CVD)?,"The synthesis of carbon nanotubes (CNTs) using fluidized bed chemical vapor deposition (CVD) involves several thermodynamic and kinetic considerations.

**1. Catalysis and Growth Mechanisms:**

*   **Catalyst Role:** Catalytic CVD is a prominent method for CNT synthesis, utilizing metal nanoparticles, such as iron, to decompose hydrocarbon gases at high temperatures (Source: Doc: 's41467-024-47999-7 (1)', Page: 2, ChunkID: 's41467-024-47999-7 (1)_elem24_chunk0').
*   **Nucleation and Growth:** The process involves the nucleation of an initial CNT-cap on the catalyst from carbon monomers and dimers. If the thermodynamic driving force is sufficient, the cap lifts off the catalyst, forming the tip of the growing CNT (Source: Doc: 's41467-024-47999-7 (1)', Page: 2, ChunkID: 's41467-024-47999-7 (1)_elem24_chunk0'). The CNT elongates through continuous incorporation of carbon atoms at the tube-catalyst interface (Source: Doc: 's41467-024-47999-7 (1)', Page: 2, ChunkID: 's41467-024-47999-7 (1)_elem24_chunk0'). The rate of carbon incorporation (growth rate) for SWCNTs can range from 0.5 to 10 carbon atoms per microsecond (Source: Doc: 's41467-024-47999-7 (1)', Page: 2, ChunkID: 's41467-024-47999-7 (1)_elem24_chunk0').
*   **Catalyst-Carbon Adhesion:** Nanotube nucleation is influenced by the carbon-catalyst adhesion (Source: Doc: 's41467-024-47999-7 (1)', Page: 8, ChunkID: 's41467-024-47999-7 (1)_elem291_chunk0').
*   **Catalyst Size:** The catalyst particle size is related to the diameter of the carbon nanotube (Source: Doc: 'Laser-assisted growth of carbon nanotubes—a review.pdf', Page: 11, ChunkID: 'Laser-assisted growth of carbon nanotubes—a review_elem171_chunk0'). There is also a direct relation between the deposited catalyst precursor metal film thickness and nanotube diameter (Source: Doc: 'Laser-assisted growth of carbon nanotubes—a review.pdf', Page: 11, ChunkID: 'Laser-assisted growth of carbon nanotubes—a review_elem171_chunk0').

**2. Thermodynamic Factors:**

*   **Driving Force:** A sufficient thermodynamic driving force is required for the CNT cap to lift off the catalyst and for continuous carbon incorporation (Source: Doc: 's41467-024-47999-7 (1)', Page: 2, ChunkID: 's41467-024-47999-7 (1)_elem24_chunk0').
*   **Temperature:** High temperatures are needed to decompose the hydrocarbon gas (Source: Doc: 's41467-024-47999-7 (1)', Page: 2, ChunkID: 's41467-024-47999-7 (1)_elem24_chunk0').
*   **Thermodynamic Effects:** Thermodynamic effects influence the diameter and defect density in single-walled carbon nanotube synthesis (Source: Doc: 's41467-024-47999-7 (1)', Page: 9, ChunkID: 's41467-024-47999-7 (1)_elem309_chunk0').

**3. Kinetic Factors:**

*   **Growth Rate:** The rate of carbon incorporation at the tube-catalyst interface dictates the growth rate (Source: Doc: 's41467-024-47999-7 (1)', Page: 2, ChunkID: 's41467-024-47999-7 (1)_elem24_chunk0').
*   **Diffusion Rate:** The diffusion rate of the catalyst particle affects the incorporation of carbon into the nanotube wall. If the carbon arrival rate exceeds the incorporation rate, multiple walls may form (Source: Doc: 'horton-et-al-2009-investigation-of-optimal-parameters-for-oxide-assisted-growth-of-vertically-aligned-single-walled.pdf', Page: 5, ChunkID: 'horton-et-al-2009-investigation-of-optimal-parameters-for-oxide-assisted-growth-of-vertically-aligned-single-walled_elem69_chunk0').
*   **Kinetics of Activation and Deactivation:** The kinetics of activation and deactivation are diameter-dependent in carbon nanotube population growth (Source: Doc: 'Statistical analysis of variation in laboratory growth of carbon nanotube forests and recommendations for improved consistency.pdf', Page: 16, ChunkID: 'Statistical analysis of variation in laboratory growth of carbon nanotube forests and recommendations for improved consistency_elem245_chunk0').

**4. Fluidized Bed Reactor Specifics:**

*   **Parametric Study:** A parametric study for the growth of carbon nanotubes by catalytic chemical vapor deposition in a fluidized bed reactor has been performed (Source: Doc: 'Laser-assisted growth of carbon nanotubes—a review.pdf', Page: 18, ChunkID: 'Laser-assisted growth of carbon nanotubes—a review_elem384_chunk0').
*   **Gas Flow:** Gas flow rates are crucial parameters (Source: Doc: 'horton-et-al-2009-investigation-of-optimal-parameters-for-oxide-assisted-growth-of-vertically-aligned-single-walled.pdf', Page: 2, ChunkID: 'horton-et-al-2009-investigation-of-optimal-parameters-for-oxide-assisted-growth-of-vertically-aligned-single-walled_elem20_chunk0').

**5. CVD System and Process Control:**

*   **Process Control:** Calibrating system components such as mass flow controllers and thermocouples is important for process control (Source: Doc: 'Statistical analysis of variation in laboratory growth of carbon nanotube forests and recommendations for improved consistency.pdf', Page: 3, ChunkID: 'Statistical analysis of variation in laboratory growth of carbon nanotube forests and recommendations for improved consistency_elem64_chunk0').
*   **Ambient Conditions:** Ambient humidity and barometric pressure can significantly affect CNT growth (Source: Doc: 'Statistical analysis of variation in laboratory growth of carbon nanotube forests and recommendations for improved consistency.pdf', Page: 1, ChunkID: 'Statistical analysis of variation in laboratory growth of carbon nanotube forests and recommendations for improved consistency_elem11_chunk0', Source: Doc: 'Statistical analysis of variation in laboratory growth of carbon nanotube forests and recommendations for improved consistency.pdf', Page: 2, ChunkID: 'Statistical analysis of variation in laboratory growth of carbon nanotube forests and recommendations for improved consistency_elem26_chunk0').
*   **Gas Delivery:** Gas supply lines can absorb moisture, impacting the process (Source: Doc: 'Statistical analysis of variation in laboratory growth of carbon nanotube forests and recommendations for improved consistency.pdf', Page: 2, ChunkID: 'Statistical analysis of variation in laboratory growth of carbon nanotube forests and recommendations for improved consistency_elem26_chunk0').

**Missing Information**

While the provided documents offer a good overview of the thermodynamic and kinetic considerations in CNT synthesis via CVD, specifically in fluidized bed reactors, more information is needed regarding:

1.  **Specific details of the fluidized bed reactor setup:** The documents do not describe the specific design or operational parameters of the fluidized bed reactor itself, such as bed dimensions, gas distribution methods, or particle characteristics.
2.  **The role of fluidization:** The documents do not explicitly detail how the fluidization process (i.e., the suspension of catalyst particles in a gas stream) affects heat and mass transfer, catalyst dispersion, and overall CNT growth kinetics.
3.  **Detailed reaction mechanisms:** While nucleation and growth are mentioned, a more in-depth explanation of the chemical reactions involved in hydrocarbon decomposition and carbon incorporation would be beneficial.
4.  **Influence of specific precursors:** The documents mention hydrocarbon precursors but do not delve into how different precursor gases (e.g., methane, ethylene, acetylene) affect the thermodynamics and kinetics of CNT growth in a fluidized bed CVD system.
5.  **Effect of reactor pressure:** The impact of reactor pressure on CNT synthesis in fluidized bed CVD is not discussed in detail.",4,38749,,"START -> --- Hop 1 --- -> Hop 1: Routing -> Strategy='hybrid_search', Query='thermodynamic and kinetic considerations during carbon nanotube synthesis using chemical vapor depos...' -> Hop 1: Reasoning result -> Action='NEXT_QUERY', Value='thermodynamic and kinetic models for carbon nanotube synthesis in fluidized bed CVD...' -> --- Hop 2 --- -> Hop 2: Routing -> Strategy='hybrid_search', Query='thermodynamic and kinetic models for carbon nanotube synthesis...' -> Hop 2: Reasoning result -> Action='NEXT_QUERY', Value='What are the specific thermodynamic parameters (e.g., temperature, pressure, gas composition) affect...' -> --- Hop 3 --- -> Hop 3: Routing -> Strategy='hybrid_search', Query='thermodynamic parameters affecting carbon nanotube growth in fluidized bed chemical vapor deposition...' -> Hop 3: Reasoning result -> Action='NEXT_QUERY', Value='what are the mass and heat transfer phenomena in fluidized bed CVD for carbon nanotube synthesis?...' -> --- Hop 4 --- -> Hop 4: Routing -> Strategy='hybrid_search', Query='mass and heat transfer phenomena in fluidized bed chemical vapor deposition for carbon nanotube synt...' -> Hop 4: Reasoning result -> Action='ANSWER_COMPLETE', Value='...' -> --- Final Answer Generation ---","what are the thermodynamic and kinetic considerations when synthesizing carbon nanotubes using fluidized bed chemical vapor deposition (cvd)? | thermodynamic and kinetic models for carbon nanotube synthesis in fluidized bed cvd | what are the specific thermodynamic parameters (e.g., temperature, pressure, gas composition) affecting carbon nanotube growth in fluidized bed cvd? | what are the mass and heat transfer phenomena in fluidized bed cvd for carbon nanotube synthesis?",,,29.92,4,"['what are the thermodynamic and kinetic considerations when synthesizing carbon nanotubes using fluidized bed chemical vapor deposition (cvd)?', 'thermodynamic and kinetic models for carbon nanotube synthesis in fluidized bed cvd', 'what are the specific thermodynamic parameters (e.g., temperature, pressure, gas composition) affecting carbon nanotube growth in fluidized bed cvd?', 'what are the mass and heat transfer phenomena in fluidized bed cvd for carbon nanotube synthesis?']",PandasVectorStore,0,0
2025-11-04T11:18:44.067903,"How do different functionalization methods (e.g., amine vs. carboxyl) compare in modifying carbon nanotube properties for specific applications?","The document mentions that functionalization of carbon nanotubes (CNTs) can modify their properties for specific applications, particularly improving the mechanical and thermal properties of carbon nanotube composites (Source: Doc: 'Carbon Nanotube Assembly and Integration for Applications.pdf', Page: 47, ChunkID: 'Carbon Nanotube Assembly and Integration for Applications_elem665_chunk0'). Surface functionalization can result in highly soluble materials, which can be further derivatized with active molecules, making them compatible with biological systems (Source: Doc: '1-s2.0-S2666351120300036-main.pdf', Page: 1, ChunkID: '1-s2.0-S2666351120300036-main_elem10_chunk2').

CNT applications include drug delivery, sensing, and water treatment (Source: Doc: '1-s2.0-S2666351120300036-main.pdf', Page: 1, ChunkID: '1-s2.0-S2666351120300036-main_elem10_chunk2'). Surface functionalization enables adsorption or attachment of various molecules or antigens, which subsequently can be targeted to the desired cell population for immune recognition or a therapeutic effect (Source: Doc: '1-s2.0-S2666351120300036-main.pdf', Page: 1, ChunkID: '1-s2.0-S2666351120300036-main_elem10_chunk2'). CNTs were first functionalized with oleic acid following salinization with (3-aminopropyl) triethoxysilane to form cross-linking properties (Source: Doc: '1-s2.0-S2666351120300036-main.pdf', Page: 2, ChunkID: '1-s2.0-S2666351120300036-main_elem23_chunk0').

**Missing Information**
The provided context does not offer a direct comparison between specific functionalization methods like amine vs. carboxyl in terms of modifying carbon nanotube properties for particular applications. More details would be needed to address the original question comprehensively.",4,45140,,"START -> --- Hop 1 --- -> Hop 1: Routing -> Strategy='vector_search', Query='comparison of amine and carboxyl functionalization methods for modifying carbon nanotube properties ...' -> Hop 1: Reasoning result -> Action='NEXT_QUERY', Value='specific applications of amine-functionalized vs carboxyl-functionalized carbon nanotubes...' -> --- Hop 2 --- -> Hop 2: Routing -> Strategy='hybrid_search', Query='applications of amine and carboxyl functionalized carbon nanotubes...' -> Hop 2: Reasoning result -> Action='NEXT_QUERY', Value='compare amine and carboxyl functionalization of carbon nanotubes for drug delivery applications...' -> --- Hop 3 --- -> Hop 3: Routing -> Strategy='vector_search', Query='compare amine and carboxyl functionalization of carbon nanotubes for drug delivery applications...' -> Hop 3: Reasoning result -> Action='NEXT_QUERY', Value='comparison of amine vs carboxyl functionalization of carbon nanotubes for composite materials...' -> --- Hop 4 --- -> Hop 4: Routing -> Strategy='hybrid_search', Query='amine vs carboxyl functionalization of carbon nanotubes for composite materials...' -> Hop 4: Reasoning result -> Action='ANSWER_COMPLETE', Value='...' -> --- Final Answer Generation ---","how do different functionalization methods (e.g., amine vs. carboxyl) compare in modifying carbon nanotube properties for specific applications? | specific applications of amine-functionalized vs carboxyl-functionalized carbon nanotubes | compare amine and carboxyl functionalization of carbon nanotubes for drug delivery applications | comparison of amine vs carboxyl functionalization of carbon nanotubes for composite materials",,,21.18,4,"['how do different functionalization methods (e.g., amine vs. carboxyl) compare in modifying carbon nanotube properties for specific applications?', 'specific applications of amine-functionalized vs carboxyl-functionalized carbon nanotubes', 'compare amine and carboxyl functionalization of carbon nanotubes for drug delivery applications', 'comparison of amine vs carboxyl functionalization of carbon nanotubes for composite materials']",PandasVectorStore,0,0
2025-11-04T11:18:51.708549,What role does the diameter and chirality of single-walled carbon nanotubes (SWCNTs) play in their electronic and optical properties?,"The diameter and chirality of single-walled carbon nanotubes (SWCNTs) play a crucial role in determining their electronic and optical properties (Source: Doc: 'hughes-et-al-2024-review-of-carbon-nanotube-research-and-development-materials-and-emerging-applications.pdf', Page: 2, ChunkID: 'hughes-et-al-2024-review-of-carbon-nanotube-research-and-development-materials-and-emerging-applications_elem35_chunk0'). Theoretical studies have predicted that individual SWCNTs can exhibit either metallic or semiconducting electrical properties based on their chirality and diameter (Source: Doc: 'hughes-et-al-2024-review-of-carbon-nanotube-research-and-development-materials-and-emerging-applications.pdf', Page: 2, ChunkID: 'hughes-et-al-2024-review-of-carbon-nanotube-research-and-development-materials-and-emerging-applications_elem35_chunk0').

The chirality of a SWCNT is defined by the chiral vector C = na1 + ma2, where n and m are integers and a1 and a2 are the basis vectors of the graphene lattice (Source: Doc: 'Carbon Nanotube Assembly and Integration for Applications.pdf', Page: 2, ChunkID: 'Carbon Nanotube Assembly and Integration for Applications_elem20_chunk0'). The way the graphene sheet is rolled dictates whether the SWCNT is zigzag, armchair, or chiral (Source: Doc: 'Carbon Nanotube Assembly and Integration for Applications.pdf', Page: 2, ChunkID: 'Carbon Nanotube Assembly and Integration for Applications_elem20_chunk0'). If m = 0, the nanotube is a zigzag CNT, and if n = m, it is an armchair CNT; otherwise, it is a chiral nanotube (Source: Doc: 'Carbon Nanotube Assembly and Integration for Applications.pdf', Page: 2, ChunkID: 'Carbon Nanotube Assembly and Integration for Applications_elem20_chunk0').

Armchair tubes are always metallic, while approximately two-thirds of zigzag tubes are semiconducting (Source: Doc: 'Carbon Nanotube Assembly and Integration for Applications.pdf', Page: 2, ChunkID: 'Carbon Nanotube Assembly and Integration for Applications_elem20_chunk0'). More generally, about two-thirds of all SWCNTs are predicted to be semiconducting, with the remainder being metallic or quasi-metallic (possessing a small band gap) (Source: Doc: 'Carbon Nanotube Assembly and Integration for Applications.pdf', Page: 2, ChunkID: 'Carbon Nanotube Assembly and Integration for Applications_elem20_chunk0'). The electronic properties arise from the geometry of the tube, which is dictated by its chiral vectors (Source: Doc: 'Carbon Nanotube Assembly and Integration for Applications.pdf', Page: 2, ChunkID: 'Carbon Nanotube Assembly and Integration for Applications_elem20_chunk0'). Diameter control is important for the selective synthesis of semiconducting SWCNTs (Source: Doc: 'Carbon Nanotube Assembly and Integration for Applications.pdf', Page: 13, ChunkID: 'Carbon Nanotube Assembly and Integration for Applications_elem134_chunk0', Source: Doc: 'Carbon Nanotube Assembly and Integration for Applications.pdf', Page: 44, ChunkID: 'Carbon Nanotube Assembly and Integration for Applications_elem499_chunk0').

**Missing Information**
The accumulated context does not provide specific details on how different chiral angles affect the band gap or optical absorption spectra of SWCNTs. Further information is needed regarding the quantitative relationship between diameter, chirality, and specific electronic and optical properties such as band gap energy, optical transition energies, and refractive index.",1,12222,,"START -> --- Hop 1 --- -> Hop 1: Routing -> Strategy='vector_search', Query='what role does the diameter and chirality of single-walled carbon nanotubes (swcnts) play in their e...' -> Hop 1: Reasoning result -> Action='ANSWER_COMPLETE', Value='...' -> --- Final Answer Generation ---",what role does the diameter and chirality of single-walled carbon nanotubes (swcnts) play in their electronic and optical properties?,,,7.64,1,['what role does the diameter and chirality of single-walled carbon nanotubes (swcnts) play in their electronic and optical properties?'],PandasVectorStore,0,0
2025-11-04T11:19:09.302693,What are the challenges in scaling up the production of defect-free carbon nanotubes with uniform properties for industrial applications?,"Scaling up the production of defect-free carbon nanotubes (CNTs) with uniform properties for industrial applications faces several challenges. These challenges span from fundamental understanding of growth mechanisms to practical limitations in process control and consistency.

Here's a breakdown of the key challenges:

*   **Precise Control of Structural Attributes and Process Performance:** Achieving precise control over structural attributes like CNT diameter, quality, density, and alignment, as well as process performance metrics like growth rate and reaction efficiency, is essential for scaling up CNT production (Source: Doc: 'Statistical analysis of variation in laboratory growth of carbon nanotube forests and recommendations for improved consistency.pdf', Page: 1, ChunkID: 'Statistical analysis of variation in laboratory growth of carbon nanotube forests and recommendations for improved consistency_elem15_chunk0').

*   **Repeatability and Consistency:** CNT forest growth is often non-repeatable under typical laboratory conditions (Source: Doc: 'Statistical analysis of variation in laboratory growth of carbon nanotube forests and recommendations for improved consistency.pdf', Page: 1, ChunkID: 'Statistical analysis of variation in laboratory growth of carbon nanotube forests and recommendations for improved consistency_elem15_chunk0'). Variations in ambient conditions and standard procedures, which are sometimes difficult to ascertain from existing literature, contribute to this issue (Source: Doc: 'Statistical analysis of variation in laboratory growth of carbon nanotube forests and recommendations for improved consistency.pdf', Page: 2, ChunkID: 'Statistical analysis of variation in laboratory growth of carbon nanotube forests and recommendations for improved consistency_elem24_chunk0'). Small concentrations of water vapor, carbon deposits on the reactor wall, and experiment-to-experiment variations in pressure can also influence CNT growth (Source: Doc: 'Statistical analysis of variation in laboratory growth of carbon nanotube forests and recommendations for improved consistency.pdf', Page: 1, ChunkID: 'Statistical analysis of variation in laboratory growth of carbon nanotube forests and recommendations for improved consistency_elem9_chunk0').

*   **Defect Formation and Chirality Control:** Maintaining uniform properties, including consistent chirality, along the entire length of the CNT is challenging (Source: Doc: 's41467-024-47999-7 (1).pdf', Page: 1, ChunkID: 's41467-024-47999-7 (1)_elem16_chunk0'). Changes in chirality result from defects like pentagons or heptagons in the tube wall (Source: Doc: 'Carbon Nanotube Assembly and Integration for Applications.pdf', Page: 41, ChunkID: 'Carbon Nanotube Assembly and Integration for Applications_elem347_chunk1'). A typical centimeter-long single-walled carbon nanotube (SWCNT) consists of approximately 10<sup>10</sup> hexagons; thus the defect concentration must be less than 0.1 parts per million to produce long defect-free SWCNTs (Source: Doc: 's41467-024-47999-7 (1).pdf', Page: 2, ChunkID: 's41467-024-47999-7 (1)_elem23_chunk0'). Achieving the required selectivity for chirality, diameter, and other structural parameters for a given application is a significant challenge in CNT synthesis by CVD (Source: Doc: 'hughes-et-al-2024-review-of-carbon-nanotube-research-and-development-materials-and-emerging-applications.pdf', Page: 5, ChunkID: 'hughes-et-al-2024-review-of-carbon-nanotube-research-and-development-materials-and-emerging-applications_elem79_chunk0').

*   **Understanding Growth Mechanisms:** A lack of atomic-level understanding of defect formation and healing mechanisms at the tube-catalyst interface hinders progress (Source: Doc: 's41467-024-47999-7 (1).pdf', Page: 1, ChunkID: 's41467-024-47999-7 (1)_elem12_chunk0'). While computational studies like molecular dynamics (MD) simulations have been crucial in revealing aspects of growth mechanisms, accurately exploring the timescales necessary for defect-free growth without biasing methods remains elusive (Source: Doc: 's41467-024-47999-7 (1).pdf', Page: 2, ChunkID: 's41467-024-47999-7 (1)_elem24_chunk1').

*   **Balancing Growth Rate and Temperature:**  It is crucial to understand how growth rate and temperature affect the entrapment of interface defects for reliable production of long, defect-free CNTs (Source: Doc: 's41467-024-47999-7 (1).pdf', Page: 4, ChunkID: 's41467-024-47999-7 (1)_elem108_chunk0'). Higher growth temperatures enable faster growth of long defect-free CNTs, if the carbon supply rate can be controlled (Source: Doc: 's41467-024-47999-7 (1).pdf', Page: 5, ChunkID: 's41467-024-47999-7 (1)_elem180_chunk0').

*   **Cost-Effective Production:** Researchers often use low-cost atmospheric pressure CVD systems like tube furnaces, sometimes outside of clean room environments, to reduce costs (Source: Doc: 'Statistical analysis of variation in laboratory growth of carbon nanotube forests and recommendations for improved consistency.pdf', Page: 2, ChunkID: 'Statistical analysis of variation in laboratory growth of carbon nanotube forests and recommendations for improved consistency_elem24_chunk0'). However, this increases the risk of process variation unless sources of variation are understood and controlled (Source: Doc: 'Statistical analysis of variation in laboratory growth of carbon nanotube forests and recommendations for improved consistency.pdf', Page: 2, ChunkID: 'Statistical analysis of variation in laboratory growth of carbon nanotube forests and recommendations for improved consistency_elem24_chunk0').

*   **Post-Growth Processing:** During the growth of long nanotubes, tubes with closed ends are also formed (Source: Doc: 'Carbon Nanotube Assembly and Integration for Applications.pdf', Page: 40, ChunkID: 'Carbon Nanotube Assembly and Integration for Applications_elem345_chunk0'). This makes it difficult for applications where access to open-ended tubes is needed for functionalization (Source: Doc: 'Carbon Nanotube Assembly and Integration for Applications.pdf', Page: 41, ChunkID: 'Carbon Nanotube Assembly and Integration for Applications_elem347_chunk1').

**Missing Information**

The accumulated context does not provide specific details on:

*   Specific catalyst materials and their impact on defect formation and chirality control during CNT growth.
*   Detailed methodologies for controlling the carbon supply rate at higher growth temperatures.
*   Specific post-growth processing techniques for opening closed-end CNTs at scale and their associated challenges.
*   A comprehensive economic analysis of scaling up defect-free CNT production, including cost breakdowns for different production methods.
*   The current state-of-the-art in machine learning-driven simulations for predicting and optimizing CNT growth conditions beyond what is mentioned in `s41467-024-47999-7 (1).pdf`.",1,16995,,"START -> --- Hop 1 --- -> Hop 1: Routing -> Strategy='vector_search', Query='challenges in scaling up production of defect-free carbon nanotubes with uniform properties for indu...' -> Hop 1: Reasoning result -> Action='ANSWER_COMPLETE', Value='...' -> --- Final Answer Generation ---",what are the challenges in scaling up the production of defect-free carbon nanotubes with uniform properties for industrial applications?,,,17.59,1,['what are the challenges in scaling up the production of defect-free carbon nanotubes with uniform properties for industrial applications?'],PandasVectorStore,0,0
2025-11-04T11:19:29.023620,Compare the effectiveness of Iron (Fe) and Nickel (Ni) catalysts when using acetylene (C₂H₂) for the CVD synthesis of secondary multi-walled carbon nanotubes (MWCNTs) on vapor-grown carbon fibers (VGCFs).,"The effectiveness of Iron (Fe) and Nickel (Ni) catalysts in the CVD synthesis of secondary multi-walled carbon nanotubes (MWCNTs) using acetylene (C₂H₂) on vapor-grown carbon fibers (VGCFs) can be directly compared based on experimental results.

**Effectiveness Comparison:**

*   **Nickel (Ni):** The combination of Ni and C₂H₂ was found to be ""very active"" for secondary CNT synthesis without any pretreatment of the fibers (Source: Doc: 'cvd-synthesis-of-hierarchical-3d-mwcnt-carbon-fiber-43cnmo1qz2.pdf', Page: 1, ChunkID: 'cvd-synthesis-of-hierarchical-3d-mwcnt-carbon-fiber-43cnmo1qz2_elem8_chunk0'). The optimal temperature for CNT synthesis using Ni was 750°C, with a gas flow of 650 cm³min⁻¹ of C₂H₂, H₂, and Ar in a 1.0:6.7:30 ratio (Source: Doc: 'cvd-synthesis-of-hierarchical-3d-mwcnt-carbon-fiber-43cnmo1qz2.pdf', Page: 1, ChunkID: 'cvd-synthesis-of-hierarchical-3d-mwcnt-carbon-fiber-43cnmo1qz2_elem8_chunk0'). Under optimal conditions, the VGCFs were well covered with secondary multiwalled tubes (Source: Doc: 'cvd-synthesis-of-hierarchical-3d-mwcnt-carbon-fiber-43cnmo1qz2.pdf', Page: 2, ChunkID: 'cvd-synthesis-of-hierarchical-3d-mwcnt-carbon-fiber-43cnmo1qz2_elem26_chunk0'). Many of these tubes had catalyst particles embedded at their ends (Source: Doc: 'cvd-synthesis-of-hierarchical-3d-mwcnt-carbon-fiber-43cnmo1qz2.pdf', Page: 2, ChunkID: 'cvd-synthesis-of-hierarchical-3d-mwcnt-carbon-fiber-43cnmo1qz2_elem26_chunk0', Source: Doc: 'cvd-synthesis-of-hierarchical-3d-mwcnt-carbon-fiber-43cnmo1qz2.pdf', Page: 3, ChunkID: 'cvd-synthesis-of-hierarchical-3d-mwcnt-carbon-fiber-43cnmo1qz2_elem46_chunk0').
*   **Iron (Fe):** Iron was found to be ""completely inactive"" as a catalyst with C₂H₂ for secondary CNT synthesis on VGCFs (Source: Doc: 'cvd-synthesis-of-hierarchical-3d-mwcnt-carbon-fiber-43cnmo1qz2.pdf', Page: 1, ChunkID: 'cvd-synthesis-of-hierarchical-3d-mwcnt-carbon-fiber-43cnmo1qz2_elem8_chunk0'). Even when using the same gas mixture that was successful with nickel, synthesis attempts at 700, 750, and 800°C did not activate the catalyst particles on the VGCFs (Source: Doc: 'cvd-synthesis-of-hierarchical-3d-mwcnt-carbon-fiber-43cnmo1qz2.pdf', Page: 2, ChunkID: 'cvd-synthesis-of-hierarchical-3d-mwcnt-carbon-fiber-43cnmo1qz2_elem29_chunk0'). Although the reactor conditions were suitable for CNT growth from iron catalysts on the SiO₂ substrate, with CNT forests growing at 800°C, the catalyst particles on the VGCFs remained inactive (Source: Doc: 'cvd-synthesis-of-hierarchical-3d-mwcnt-carbon-fiber-43cnmo1qz2.pdf', Page: 2, ChunkID: 'cvd-synthesis-of-hierarchical-3d-mwcnt-carbon-fiber-43cnmo1qz2_elem29_chunk0'). Variation of experimental conditions and prolonged synthesis time did not improve the results (Source: Doc: 'cvd-synthesis-of-hierarchical-3d-mwcnt-carbon-fiber-43cnmo1qz2.pdf', Page: 2, ChunkID: 'cvd-synthesis-of-hierarchical-3d-mwcnt-carbon-fiber-43cnmo1qz2_elem33_chunk0').

**Reasons for Differences in Effectiveness:**

*   One reason for the difference in effectiveness is the different diffusion of catalyst particles on the VGCF surfaces (Source: Doc: 'cvd-synthesis-of-hierarchical-3d-mwcnt-carbon-fiber-43cnmo1qz2.pdf', Page: 3, ChunkID: 'cvd-synthesis-of-hierarchical-3d-mwcnt-carbon-fiber-43cnmo1qz2_elem48_chunk0'). Iron particles coalesced during the reduction step, resulting in excessively large particles that were not conducive to CNT growth (Source: Doc: 'cvd-synthesis-of-hierarchical-3d-mwcnt-carbon-fiber-43cnmo1qz2.pdf', Page: 3, ChunkID: 'cvd-synthesis-of-hierarchical-3d-mwcnt-carbon-fiber-43cnmo1qz2_elem48_chunk0'). The average diameter of Fe particles on the fibers was significantly larger than that of Ni particles (Source: Doc: 'cvd-synthesis-of-hierarchical-3d-mwcnt-carbon-fiber-43cnmo1qz2.pdf', Page: 3, ChunkID: 'cvd-synthesis-of-hierarchical-3d-mwcnt-carbon-fiber-43cnmo1qz2_elem48_chunk0').
*   Pretreatment of the supporting carbon structure is vital when using iron catalysts (Source: Doc: 'cvd-synthesis-of-hierarchical-3d-mwcnt-carbon-fiber-43cnmo1qz2.pdf', Page: 3, ChunkID: 'cvd-synthesis-of-hierarchical-3d-mwcnt-carbon-fiber-43cnmo1qz2_elem51_chunk0'). The high crystallinity of the VGCFs could affect carbon diffusion and the diffusion of catalyst particles (Source: Doc: 'cvd-synthesis-of-hierarchical-3d-mwcnt-carbon-fiber-43cnmo1qz2.pdf', Page: 4, ChunkID: 'cvd-synthesis-of-hierarchical-3d-mwcnt-carbon-fiber-43cnmo1qz2_elem71_chunk0').

**Conclusion:**

Based on the provided information, Nickel is a much more effective catalyst than Iron for the CVD synthesis of secondary MWCNTs using acetylene on VGCFs without pretreatment.

**Missing Information:**

*   The specific reasons for iron's inactivity, beyond particle size and lack of pretreatment, are not fully elaborated in the context.
*   Details about the specific properties of the ""industrially manufactured highly crystalline vapor-grown carbon fibers (VGCFs)"" are limited.
*   The exact mechanism by which nickel catalyzes CNT growth more effectively than iron in this specific context is not fully explained.
*   The specific ""reasons discussed in the paper"" for iron's inactivity are not explicitly stated (Source: Doc: 'cvd-synthesis-of-hierarchical-3d-mwcnt-carbon-fiber-43cnmo1qz2.pdf', Page: 1, ChunkID: 'cvd-synthesis-of-hierarchical-3d-mwcnt-carbon-fiber-43cnmo1qz2_elem8_chunk0').",1,14916,,"START -> --- Hop 1 --- -> Hop 1: Routing -> Strategy='hybrid_search', Query='effectiveness of iron and nickel catalysts for CVD synthesis of secondary multi-walled carbon nanotu...' -> Hop 1: Reasoning result -> Action='ANSWER_COMPLETE', Value='...' -> --- Final Answer Generation ---",compare the effectiveness of iron (fe) and nickel (ni) catalysts when using acetylene (c₂h₂) for the cvd synthesis of secondary multi-walled carbon nanotubes (mwcnts) on vapor-grown carbon fibers (vgcfs).,,,19.71,1,['compare the effectiveness of iron (fe) and nickel (ni) catalysts when using acetylene (c₂h₂) for the cvd synthesis of secondary multi-walled carbon nanotubes (mwcnts) on vapor-grown carbon fibers (vgcfs).'],PandasVectorStore,0,0
2025-11-04T11:19:46.917168,"For synthesizing vertically aligned SWCNT 'carpets' using an Iron (Fe) catalyst with acetylene, explain the role of adding a weak oxidant like water (H₂O). What is the optimal concentration to maximize growth height, and what is the underlying mechanism for its effectiveness?","The addition of a weak oxidant like water (H₂O) plays a crucial role in the synthesis of vertically aligned single-walled carbon nanotube (SWNT) carpets using an iron (Fe) catalyst with acetylene (Source: Doc: 'horton-et-al-2009-investigation-of-optimal-parameters-for-oxide-assisted-growth-of-vertically-aligned-single-walled.pdf', Page: 1, ChunkID: 'horton-et-al-2009-investigation-of-optimal-parameters-for-oxide-assisted-growth-of-vertically-aligned-single-walled_elem6_chunk0').

 **Role of Water (H₂O):**

 *   **Catalyst Preservation:** Water provides an efficient route toward catalyst preservation through surface hydroxylation (Source: Doc: 'horton-et-al-2009-investigation-of-optimal-parameters-for-oxide-assisted-growth-of-vertically-aligned-single-walled.pdf', Page: 8, ChunkID: 'horton-et-al-2009-investigation-of-optimal-parameters-for-oxide-assisted-growth-of-vertically-aligned-single-walled_elem91_chunk1').
 *   **Amorphous Carbon Etching:** Water etches away amorphous carbon during the growth process (Source: Doc: 'horton-et-al-2009-investigation-of-optimal-parameters-for-oxide-assisted-growth-of-vertically-aligned-single-walled.pdf', Page: 8, ChunkID: 'horton-et-al-2009-investigation-of-optimal-parameters-for-oxide-assisted-growth-of-vertically-aligned-single-walled_elem91_chunk1'). This extends the catalyst lifetime (Source: Doc: 'horton-et-al-2009-investigation-of-optimal-parameters-for-oxide-assisted-growth-of-vertically-aligned-single-walled.pdf', Page: 5, ChunkID: 'horton-et-al-2009-investigation-of-optimal-parameters-for-oxide-assisted-growth-of-vertically-aligned-single-walled_elem64_chunk0') and protects the catalyst from ripening and/or carbide formation (Source: Doc: 'horton-et-al-2009-investigation-of-optimal-parameters-for-oxide-assisted-growth-of-vertically-aligned-single-walled.pdf', Page: 8, ChunkID: 'horton-et-al-2009-investigation-of-optimal-parameters-for-oxide-assisted-growth-of-vertically-aligned-single-walled_elem91_chunk1').
 *   **Surface Hydroxylation:** The addition of H₂O initializes surface chemistry with the catalyst and support, dramatically enhancing the catalyst lifetime (Source: Doc: 'horton-et-al-2009-investigation-of-optimal-parameters-for-oxide-assisted-growth-of-vertically-aligned-single-walled.pdf', Page: 5, ChunkID: 'horton-et-al-2009-investigation-of-optimal-parameters-for-oxide-assisted-growth-of-vertically-aligned-single-walled_elem64_chunk0'). Surface hydroxylation slows the Ostwald ripening rate, allowing for better catalyst stability and longer catalyst lifetimes (Source: Doc: 'horton-et-al-2009-investigation-of-optimal-parameters-for-oxide-assisted-growth-of-vertically-aligned-single-walled.pdf', Page: 5, ChunkID: 'horton-et-al-2009-investigation-of-optimal-parameters-for-oxide-assisted-growth-of-vertically-aligned-single-walled_elem64_chunk0'). A hydroxylated surface will ""pin"" mobile Fe atoms near the edge of the catalyst to surface-bound oxygen groups, stabilizing them (Source: Doc: 'horton-et-al-2009-investigation-of-optimal-parameters-for-oxide-assisted-growth-of-vertically-aligned-single-walled.pdf', Page: 5, ChunkID: 'horton-et-al-2009-investigation-of-optimal-parameters-for-oxide-assisted-growth-of-vertically-aligned-single-walled_elem64_chunk0').
 *   **Etching Agent:** H₂O acts as an etching agent (Source: Doc: 'horton-et-al-2009-investigation-of-optimal-parameters-for-oxide-assisted-growth-of-vertically-aligned-single-walled.pdf', Page: 1, ChunkID: 'horton-et-al-2009-investigation-of-optimal-parameters-for-oxide-assisted-growth-of-vertically-aligned-single-walled_elem7_chunk1'), synergistic with previous ideas on the role of these oxides during growth.

 **Optimal Concentration:**

 *   The presence of H₂O results in an enhancement of the carpet height (Source: Doc: 'horton-et-al-2009-investigation-of-optimal-parameters-for-oxide-assisted-growth-of-vertically-aligned-single-walled.pdf', Page: 3, ChunkID: 'horton-et-al-2009-investigation-of-optimal-parameters-for-oxide-assisted-growth-of-vertically-aligned-single-walled_elem31_chunk1').
 *   A saturation effect of oxidant concentration is observed (Source: Doc: 'horton-et-al-2009-investigation-of-optimal-parameters-for-oxide-assisted-growth-of-vertically-aligned-single-walled.pdf', Page: 1, ChunkID: 'horton-et-al-2009-investigation-of-optimal-parameters-for-oxide-assisted-growth-of-vertically-aligned-single-walled_elem6_chunk0').
 *   A concentration of H₂O in the reaction gas mixture beyond the point at which hydroxyl saturation is expected to occur (2 sccm H₂O) is used when studying the effect of temperature upon carpet growth (Source: Doc: 'horton-et-al-2009-investigation-of-optimal-parameters-for-oxide-assisted-growth-of-vertically-aligned-single-walled.pdf', Page: 5, ChunkID: 'horton-et-al-2009-investigation-of-optimal-parameters-for-oxide-assisted-growth-of-vertically-aligned-single-walled_elem70_chunk0').

 **Underlying Mechanism:**

 *   **Surface Hydroxylation and Etching:** H₂O hydroxylates the surface, ""pinning"" Fe atoms and preventing ripening (Source: Doc: 'horton-et-al-2009-investigation-of-optimal-parameters-for-oxide-assisted-growth-of-vertically-aligned-single-walled.pdf', Page: 5, ChunkID: 'horton-et-al-2009-investigation-of-optimal-parameters-for-oxide-assisted-growth-of-vertically-aligned-single-walled_elem64_chunk0'). It also etches away amorphous carbon, preventing carbon shell formation and carbide formation (Source: Doc: 'horton-et-al-2009-investigation-of-optimal-parameters-for-oxide-assisted-growth-of-vertically-aligned-single-walled.pdf', Page: 4, ChunkID: 'horton-et-al-2009-investigation-of-optimal-parameters-for-oxide-assisted-growth-of-vertically-aligned-single-walled_elem62_chunk0').
 *   **Catalyst Stabilization:** By preventing ripening and carbide formation, H₂O stabilizes the catalyst, leading to active catalyst sites for extended growth duration (Source: Doc: 'horton-et-al-2009-investigation-of-optimal-parameters-for-oxide-assisted-growth-of-vertically-aligned-single-walled.pdf', Page: 8, ChunkID: 'horton-et-al-2009-investigation-of-optimal-parameters-for-oxide-assisted-growth-of-vertically-aligned-single-walled_elem91_chunk1').

 **Missing Information:**

 *   The exact optimal concentration of H₂O to maximize growth height is not explicitly stated, although the study uses 2 sccm H₂O, ""well beyond the point at which we expect hydroxyl saturation to occur"" (Source: Doc: 'horton-et-al-2009-investigation-of-optimal-parameters-for-oxide-assisted-growth-of-vertically-aligned-single-walled.pdf', Page: 5, ChunkID: 'horton-et-al-2009-investigation-of-optimal-parameters-for-oxide-assisted-growth-of-vertically-aligned-single-walled_elem70_chunk0'). More precise data on the relationship between H₂O concentration and carpet height around the saturation point would be beneficial.
 *   Details on the specific reactor conditions (pressure, other gas flow rates) used when determining the optimal H₂O concentration are not fully elaborated upon.
 *   A detailed study of the cause of catalyst poisoning is still in process (Source: Doc: 'horton-et-al-2009-investigation-of-optimal-parameters-for-oxide-assisted-growth-of-vertically-aligned-single-walled.pdf', Page: 5, ChunkID: 'horton-et-al-2009-investigation-of-optimal-parameters-for-oxide-assisted-growth-of-vertically-aligned-single-walled_elem70_chunk0').",1,20991,,"START -> --- Hop 1 --- -> Hop 1: Routing -> Strategy='hybrid_search', Query='role of water as a weak oxidant in vertically aligned single-walled carbon nanotube carpet synthesis...' -> Hop 1: Reasoning result -> Action='ANSWER_COMPLETE', Value='...' -> --- Final Answer Generation ---","for synthesizing vertically aligned swcnt 'carpets' using an iron (fe) catalyst with acetylene, explain the role of adding a weak oxidant like water (h₂o). what is the optimal concentration to maximize growth height, and what is the underlying mechanism for its effectiveness?",,,17.88,1,"[""for synthesizing vertically aligned swcnt 'carpets' using an iron (fe) catalyst with acetylene, explain the role of adding a weak oxidant like water (h₂o). what is the optimal concentration to maximize growth height, and what is the underlying mechanism for its effectiveness?""]",PandasVectorStore,0,0
