timestamp,query,answer,hop_count,final_context_length,confidence_score,reasoning_trace,search_queries,user_rating,user_comment,relevance_rating,relevance_explanation,faithfulness_rating,faithfulness_explanation,processing_time_s,hops_taken,queries_used,vector_db_type,embedding_cache_hits,llm_cache_hits
2026-02-09T20:03:01.547645,How does the structural defect density in carbon nanotubes affect their mechanical properties and functionalization potential?,"Defects in carbon nanotubes (like pentagons or heptagons in the tube wall) affect their properties. Fewer defects are needed to make long, high-quality nanotubes. The right growth conditions (temperature, carbon supply) help to reduce defects. Also, etching can remove carbon atoms from the tube edge, which helps to fix defects. Functionalization of carbon nanotubes can improve their properties.",2,24652,0.75,"START -> Initial Expanded Queries: ['how does the structural defect density in carbon nanotubes affect their mechanical properties and functionalization potential?', 'Carbon nanotubes: basic properties, diameter, chirality explained simply', ""Carbon nanotube synthesis, functionalization, and applications: a beginner's guide""] -> --- Hop 1 --- -> Hop 1: Routing -> Strategy='vector_search', Query='effect of structural defect density on carbon nanotube mechanical properties and functionalization...' -> Hop 1: Reasoning result -> Action='NEXT_QUERY', Value='What are the chemical functionalization methods for carbon nanotubes and how do they affect defect d...' -> --- Hop 2 --- -> Hop 2: Routing -> Strategy='vector_search', Query='chemical functionalization methods for carbon nanotubes and their effect on defect density...' -> Hop 2: Reasoning result -> Action='ANSWER_COMPLETE', Value='...' -> --- Final Answer Generation ---","how does the structural defect density in carbon nanotubes affect their mechanical properties and functionalization potential? | Carbon nanotubes: basic properties, diameter, chirality explained simply | Carbon nanotube synthesis, functionalization, and applications: a beginner's guide | what are the chemical functionalization methods for carbon nanotubes and how do they affect defect density?",,,4,"The answer directly addresses the question by explaining how defects impact nanotube properties and how to control them. It also mentions functionalization, a key aspect of the query. However, it lacks specific details on *how* the mechanical properties are affected (e.g., tensile strength, elasticity) and could elaborate more on the specific functionalization possibilities influenced by defect density.",4,"The answer accurately reflects the information provided in the context, particularly regarding defects, growth conditions, and their impact on carbon nanotube properties. The mention of etching aligns with the concept of defect-free growth, and the general impact of defects is well-supported. Functionalization is not directly mentioned in the provided text, but it's a related concept, so it doesn't contradict the given information.",10.19,2,"['how does the structural defect density in carbon nanotubes affect their mechanical properties and functionalization potential?', 'Carbon nanotubes: basic properties, diameter, chirality explained simply', ""Carbon nanotube synthesis, functionalization, and applications: a beginner's guide"", 'what are the chemical functionalization methods for carbon nanotubes and how do they affect defect density?']",PandasVectorStore,0,0
2026-02-09T20:03:12.574703,What are the thermodynamic and kinetic considerations when synthesizing carbon nanotubes using fluidized bed chemical vapor deposition (CVD)?,"When making carbon nanotubes (CNTs) using fluidized bed chemical vapor deposition (CVD), here's what to keep in mind:

*   **Temperature:** You need the right temperature (usually 500-1200 °C) to break down the carbon gas on the catalyst. Higher temperatures can lead to single-walled CNTs.
*   **Catalyst:** The size of the metal catalyst particle affects the diameter of the nanotube.
*   **Carbon Feedstock:** The type of hydrocarbon gas and how quickly it flows into the system matters. The rate at which carbon is deposited affects the quality and length of the CNTs.
*   **Growth Mechanism:** The way the CNT grows (either from the tip or the base) depends on how the catalyst interacts with the surface it's growing from.
*   **Pressure:** Adjusting the pressure in the chamber affects how many carbon molecules hit the catalyst surface, influencing the reaction rate.",2,18400,0.85,"START -> Initial Expanded Queries: ['what are the thermodynamic and kinetic considerations when synthesizing carbon nanotubes using fluidized bed chemical vapor deposition (cvd)?', 'Carbon nanotube basics: diameter, chirality, properties, and simple synthesis methods', 'Easy explanation of carbon nanotube CVD synthesis, functionalization, and applications'] -> --- Hop 1 --- -> Hop 1: Routing -> Strategy='hybrid_search', Query='thermodynamic and kinetic considerations for carbon nanotube synthesis using chemical vapor depositi...' -> Hop 1: Reasoning result -> Action='NEXT_QUERY', Value='What are the specific thermodynamic and kinetic parameters (temperature, pressure, flow rate, activa...' -> --- Hop 2 --- -> Hop 2: Routing -> Strategy='hybrid_search', Query='thermodynamic and kinetic parameters affecting carbon nanotube growth in fluidized bed chemical vapo...' -> Hop 2: Reasoning result -> Action='ANSWER_COMPLETE', Value='...' -> --- Final Answer Generation ---","what are the thermodynamic and kinetic considerations when synthesizing carbon nanotubes using fluidized bed chemical vapor deposition (cvd)? | Carbon nanotube basics: diameter, chirality, properties, and simple synthesis methods | Easy explanation of carbon nanotube CVD synthesis, functionalization, and applications | what are the specific thermodynamic and kinetic parameters (temperature, pressure, flow rate, activation energy) affecting carbon nanotube growth in fluidized bed cvd?",,,5,"The answer directly addresses the thermodynamic and kinetic considerations in fluidized bed CVD synthesis of CNTs by discussing temperature (thermodynamic), catalyst properties (kinetic and thermodynamic), carbon feedstock flow rate (kinetic), growth mechanism (kinetic), and pressure (thermodynamic/kinetic).",5,"The answer accurately summarizes the key factors involved in CNT growth using CVD, drawing directly from the provided context. It mentions the importance of temperature, catalyst size, carbon feedstock, growth mechanism, and pressure, all of which are discussed in the source documents.",11.02,2,"['what are the thermodynamic and kinetic considerations when synthesizing carbon nanotubes using fluidized bed chemical vapor deposition (cvd)?', 'Carbon nanotube basics: diameter, chirality, properties, and simple synthesis methods', 'Easy explanation of carbon nanotube CVD synthesis, functionalization, and applications', 'what are the specific thermodynamic and kinetic parameters (temperature, pressure, flow rate, activation energy) affecting carbon nanotube growth in fluidized bed cvd?']",PandasVectorStore,0,0
2026-02-09T20:03:32.613512,"How do different functionalization methods (e.g., amine vs. carboxyl) compare in modifying carbon nanotube properties for specific applications?","Different functionalization methods change how carbon nanotubes (CNTs) behave. For example, adding amine groups helps CNTs bind to polymers and biological systems. Adding ethanolamine groups can make CNTs better at killing bacteria. Functionalization can also help CNTs mix better with other materials, like polymers, by preventing them from clumping together. The choice of functionalization depends on what properties are needed for a specific application.",5,53435,0.95,"START -> Initial Expanded Queries: ['how do different functionalization methods (e.g., amine vs. carboxyl) compare in modifying carbon nanotube properties for specific applications?', 'Carbon nanotubes: basic properties, diameter, chirality, and simple functionalization examples', ""Carbon nanotube synthesis explained: CVD, properties, and beginner's guide to amine/carboxyl functionalization""] -> --- Hop 1 --- -> Hop 1: Routing -> Strategy='vector_search', Query='comparison of different carbon nanotube functionalization methods (amine vs carboxyl) and their impa...' -> Hop 1: Reasoning result -> Action='NEXT_QUERY', Value='""amine vs carboxyl functionalization of carbon nanotubes: effect on electrical conductivity""...' -> --- Hop 2 --- -> Hop 2: Routing -> Strategy='hybrid_search', Query='amine vs carboxyl functionalization effect on electrical conductivity of carbon nanotubes...' -> Hop 2: Reasoning result -> Action='NEXT_QUERY', Value='""amine vs carboxyl functionalization of carbon nanotubes: applications in drug delivery""...' -> --- Hop 3 --- -> Hop 3: Routing -> Strategy='hybrid_search', Query='amine vs carboxyl functionalization of carbon nanotubes for drug delivery...' -> Hop 3: Reasoning result -> Action='NEXT_QUERY', Value='""amine vs carboxyl functionalization of carbon nanotubes: effect on mechanical properties""...' -> --- Hop 4 --- -> Hop 4: Routing -> Strategy='hybrid_search', Query='amine vs carboxyl functionalization of carbon nanotubes effect on mechanical properties...' -> Hop 4: Reasoning result -> Action='NEXT_QUERY', Value='""amine vs carboxyl functionalization of carbon nanotubes: comparison of surface charge and stability...' -> --- Hop 5 --- -> Hop 5: Routing -> Strategy='hybrid_search', Query='amine vs carboxyl functionalization of carbon nanotubes comparison of surface charge and stability...' -> Hop 5: Reasoning result -> Action='ANSWER_COMPLETE', Value='...' -> --- Final Answer Generation ---","how do different functionalization methods (e.g., amine vs. carboxyl) compare in modifying carbon nanotube properties for specific applications? | Carbon nanotubes: basic properties, diameter, chirality, and simple functionalization examples | Carbon nanotube synthesis explained: CVD, properties, and beginner's guide to amine/carboxyl functionalization | ""amine vs carboxyl functionalization of carbon nanotubes: effect on electrical conductivity"" | ""amine vs carboxyl functionalization of carbon nanotubes: applications in drug delivery"" | ""amine vs carboxyl functionalization of carbon nanotubes: effect on mechanical properties"" | ""amine vs carboxyl functionalization of carbon nanotubes: comparison of surface charge and stability""",,,5,"The answer directly addresses the question by comparing different functionalization methods (amine vs. ethanolamine, implicitly carboxyl through the general discussion of different properties) and their impact on CNT properties for specific applications like polymer binding, antibacterial activity, and dispersion.",5,"The answer accurately reflects the information provided in the context, particularly regarding the impact of different functionalization methods on CNT properties and applications.",20.03,5,"['how do different functionalization methods (e.g., amine vs. carboxyl) compare in modifying carbon nanotube properties for specific applications?', 'Carbon nanotubes: basic properties, diameter, chirality, and simple functionalization examples', ""Carbon nanotube synthesis explained: CVD, properties, and beginner's guide to amine/carboxyl functionalization"", '""amine vs carboxyl functionalization of carbon nanotubes: effect on electrical conductivity""', '""amine vs carboxyl functionalization of carbon nanotubes: applications in drug delivery""', '""amine vs carboxyl functionalization of carbon nanotubes: effect on mechanical properties""', '""amine vs carboxyl functionalization of carbon nanotubes: comparison of surface charge and stability""']",PandasVectorStore,0,0
2026-02-09T20:03:38.617682,What role does the diameter and chirality of single-walled carbon nanotubes (SWCNTs) play in their electronic and optical properties?,"The diameter and chirality (the way the graphene sheet is rolled) of single-walled carbon nanotubes (SWCNTs) determine whether they act as metals or semiconductors. Chirality also affects the band gap (the energy needed for electrons to move and conduct electricity), with the band gap size being related to the diameter. These properties influence how SWCNTs absorb and emit light.",1,14374,0.95,"START -> Initial Expanded Queries: ['what role does the diameter and chirality of single-walled carbon nanotubes (swcnts) play in their electronic and optical properties?', 'Simple explanation of carbon nanotube diameter and chirality effects on properties', 'Carbon nanotube basics: diameter, chirality, electronic properties, and functionalization for beginners'] -> --- Hop 1 --- -> Hop 1: Routing -> Strategy='vector_search', Query='role of diameter and chirality in single-walled carbon nanotube electronic and optical properties...' -> Hop 1: Reasoning result -> Action='ANSWER_COMPLETE', Value='...' -> --- Final Answer Generation ---","what role does the diameter and chirality of single-walled carbon nanotubes (swcnts) play in their electronic and optical properties? | Simple explanation of carbon nanotube diameter and chirality effects on properties | Carbon nanotube basics: diameter, chirality, electronic properties, and functionalization for beginners",,,5,"The answer directly addresses the question by explaining how diameter and chirality influence the electronic (metallic/semiconducting behavior, band gap) and optical (light absorption/emission) properties of SWCNTs.",5,"The answer accurately summarizes the information presented in the context, particularly regarding the relationship between chirality, diameter, electronic properties (metallic vs. semiconducting), and band gap in SWCNTs. It also touches on the influence of these properties on light absorption and emission.",6.0,1,"['what role does the diameter and chirality of single-walled carbon nanotubes (swcnts) play in their electronic and optical properties?', 'Simple explanation of carbon nanotube diameter and chirality effects on properties', 'Carbon nanotube basics: diameter, chirality, electronic properties, and functionalization for beginners']",PandasVectorStore,0,0
2026-02-09T20:03:44.761809,What are the challenges in scaling up the production of defect-free carbon nanotubes with uniform properties for industrial applications?,"Making large amounts of perfect carbon nanotubes with consistent properties is difficult because of a few key issues. It's hard to avoid defects in the tubes' structure. Also, controlling the tube type (chirality), which affects its electrical behavior, is a challenge. It's also difficult to get rid of unwanted metallic tubes. The catalyst used to grow the tubes can cause problems, and variations in the growth environment (like temperature, pressure, and even moisture) can lead to inconsistent results. Finally, there's a need to understand how the growth rate and temperature affect defects.",1,14891,0.95,"START -> Initial Expanded Queries: ['what are the challenges in scaling up the production of defect-free carbon nanotubes with uniform properties for industrial applications?', 'Carbon nanotubes explained simply: diameter, chirality, synthesis, and uses', 'Easy explanation of carbon nanotube properties: functionalization, defects, and applications'] -> --- Hop 1 --- -> Hop 1: Routing -> Strategy='vector_search', Query='challenges in scaling up production of defect-free carbon nanotubes with uniform properties for indu...' -> Hop 1: Reasoning result -> Action='ANSWER_COMPLETE', Value='...' -> --- Final Answer Generation ---","what are the challenges in scaling up the production of defect-free carbon nanotubes with uniform properties for industrial applications? | Carbon nanotubes explained simply: diameter, chirality, synthesis, and uses | Easy explanation of carbon nanotube properties: functionalization, defects, and applications",,,5,"The answer directly addresses the challenges of scaling up defect-free carbon nanotube production, covering key issues like defect control, chirality, metallic tube removal, catalyst issues, environmental variations, and the relationship between growth parameters and defects. It's highly relevant.",5,"The answer accurately summarizes the challenges in CNT production and quality control, including defects, chirality control, metallic impurities, catalyst interactions, and environmental variations, all supported by the provided context.",6.14,1,"['what are the challenges in scaling up the production of defect-free carbon nanotubes with uniform properties for industrial applications?', 'Carbon nanotubes explained simply: diameter, chirality, synthesis, and uses', 'Easy explanation of carbon nanotube properties: functionalization, defects, and applications']",PandasVectorStore,0,0
